Team,Age,W,L,PW,PL,MOV,SOS,SRS,ORtg,DRtg,NRtg,Pace,FTr,3PAr,TS%,Off_eFG%,Off_TOV%,ORB%,Off_FT/FGA,Def_eFG%,Def_TOV%,DRB%,Def_FT/FGA,G,MP,FG,FGA,FG%,3P,3PA,3P%,2P,2PA,2P%,FT,FTA,FT%,ORB,DRB,TRB,AST,STL,BLK,TOV,PF,PTS,Year
Milwaukee Bucks,26.9,60.0,22.0,61,21,8.87,-0.82,8.04,113.8,105.2,8.6,103.3,0.255,0.419,0.583,0.55,12.0,20.8,0.197,0.503,11.5,80.3,0.162,82,19780,41.8,87.8,0.476,13.0,36.8,0.353,28.8,50.9,0.565,17.3,22.4,0.773,9.0,39.0,47.9,25.1,7.2,5.7,13.4,18.9,113.8,2019
Golden State Warriors,28.4,57.0,25.0,56,26,6.46,-0.04,6.42,115.9,109.5,6.4,100.9,0.227,0.384,0.596,0.565,12.6,22.5,0.182,0.508,11.7,77.1,0.205,82,19805,43.4,88.4,0.491,13.1,33.9,0.385,30.3,54.5,0.557,16.1,20.1,0.801,9.6,35.9,45.5,29.0,7.5,6.3,14.0,21.1,115.9,2019
Toronto Raptors,27.3,58.0,24.0,56,26,6.09,-0.6,5.49,113.1,107.1,6.0,100.2,0.247,0.379,0.579,0.543,12.4,21.9,0.198,0.509,13.1,77.1,0.19,82,19880,41.7,88.1,0.474,12.2,33.4,0.366,29.5,54.7,0.539,17.5,21.7,0.804,9.5,35.2,44.7,25.1,8.2,5.3,13.9,20.8,113.1,2019
Utah Jazz,27.3,50.0,32.0,54,28,5.26,0.03,5.28,110.9,105.7,5.2,100.3,0.295,0.394,0.572,0.538,13.4,22.9,0.217,0.507,12.4,80.3,0.189,82,19755,40.1,85.8,0.468,12.0,33.8,0.356,28.1,52.0,0.541,18.7,25.3,0.736,9.9,36.1,46.0,25.8,8.0,5.8,15.0,20.9,110.9,2019
Houston Rockets,29.2,53.0,29.0,53,29,4.77,0.19,4.96,115.5,110.7,4.8,97.9,0.279,0.519,0.581,0.542,12.0,22.8,0.221,0.525,13.4,74.4,0.21,82,19830,39.8,88.6,0.449,16.4,46.0,0.356,23.4,42.6,0.551,19.6,24.7,0.791,10.3,32.3,42.7,21.5,8.7,5.0,13.5,22.3,115.5,2019
Boston Celtics,25.7,49.0,33.0,52,30,4.44,-0.54,3.9,112.2,107.8,4.4,99.6,0.215,0.381,0.567,0.534,11.5,21.6,0.173,0.514,13.4,77.0,0.198,82,19780,42.0,90.4,0.465,12.6,34.4,0.365,29.5,55.9,0.527,15.6,19.5,0.802,9.8,34.7,44.5,26.2,8.6,5.3,12.8,20.3,112.2,2019
Portland Trail Blazers,26.2,53.0,29.0,51,31,4.2,0.24,4.43,114.7,110.5,4.2,99.1,0.258,0.339,0.568,0.528,12.1,26.6,0.21,0.516,11.0,77.9,0.195,82,19855,42.3,90.6,0.467,11.0,30.7,0.359,31.3,59.8,0.523,19.0,23.3,0.814,11.8,36.2,48.0,23.0,6.7,5.0,13.8,20.4,114.7,2019
Denver Nuggets,24.9,54.0,28.0,51,31,3.95,0.24,4.19,113.0,108.9,4.1,97.7,0.232,0.348,0.558,0.527,11.9,26.6,0.175,0.521,12.3,78.0,0.194,82,19730,42.8,91.9,0.466,11.2,32.0,0.351,31.6,59.9,0.527,16.1,21.3,0.755,12.1,35.3,47.3,27.9,7.9,4.5,13.7,20.5,113.0,2019
Indiana Pacers,27.0,48.0,34.0,50,32,3.33,-0.57,2.76,109.9,106.5,3.4,98.1,0.242,0.292,0.561,0.53,12.4,21.9,0.182,0.516,14.1,76.2,0.184,82,19705,42.1,88.6,0.475,9.7,25.8,0.374,32.4,62.7,0.517,16.1,21.4,0.752,9.5,34.3,43.8,26.4,8.8,5.0,13.9,19.8,109.9,2019
Oklahoma City Thunder,25.7,49.0,33.0,50,32,3.4,0.15,3.56,110.3,107.0,3.3,102.8,0.266,0.347,0.545,0.514,11.7,26.0,0.19,0.523,14.4,78.2,0.206,82,19855,41.1,90.6,0.454,11.0,31.5,0.348,30.1,59.1,0.51,17.2,24.1,0.713,12.1,34.2,46.3,22.5,9.0,5.0,13.5,21.6,110.3,2019
Philadelphia 76ers,26.4,51.0,31.0,48,34,2.7,-0.44,2.25,112.6,110.0,2.6,101.6,0.312,0.342,0.574,0.532,12.9,24.5,0.241,0.512,11.1,78.6,0.206,82,19805,40.6,86.2,0.471,10.6,29.5,0.359,30.0,56.7,0.529,20.8,26.9,0.771,10.6,36.1,46.7,26.3,7.2,5.2,14.6,20.8,112.6,2019
San Antonio Spurs,28.8,48.0,34.0,45,37,1.68,0.12,1.8,112.9,111.2,1.7,98.3,0.237,0.286,0.572,0.534,11.0,21.0,0.194,0.528,11.0,79.4,0.17,82,19805,42.8,89.4,0.478,10.0,25.5,0.392,32.7,63.8,0.513,17.4,21.2,0.819,9.3,35.9,45.2,24.8,6.2,4.8,12.2,18.3,112.9,2019
Los Angeles Clippers,27.2,48.0,34.0,43,39,0.85,0.23,1.09,112.4,111.5,0.9,101.7,0.326,0.295,0.575,0.529,12.7,22.0,0.258,0.514,11.4,76.0,0.224,82,19830,40.3,85.4,0.471,9.8,25.2,0.388,30.5,60.2,0.507,22.1,27.8,0.792,9.5,34.9,44.4,23.4,6.7,4.6,14.2,22.8,112.4,2019
Orlando Magic,25.7,42.0,40.0,43,39,0.71,-0.43,0.28,108.9,108.1,0.8,98.1,0.216,0.36,0.55,0.518,11.9,22.0,0.168,0.515,11.8,79.7,0.186,82,19780,41.0,90.4,0.454,11.6,32.6,0.356,29.4,57.8,0.509,15.2,19.5,0.782,10.2,35.9,46.1,25.9,6.7,5.5,13.4,18.9,108.9,2019
Brooklyn Nets,25.4,42.0,40.0,41,41,-0.07,-0.33,-0.4,109.6,109.7,-0.1,100.8,0.284,0.403,0.556,0.52,13.0,23.8,0.211,0.512,11.6,76.4,0.19,82,19980,39.3,87.6,0.449,12.5,35.3,0.353,26.8,52.3,0.513,18.5,24.9,0.745,10.7,34.8,45.5,23.3,6.4,4.0,14.7,21.0,109.6,2019
Detroit Pistons,26.9,41.0,41.0,40,42,-0.24,-0.31,-0.56,109.0,109.2,-0.2,97.4,0.262,0.394,0.544,0.509,12.3,24.8,0.195,0.526,12.8,78.7,0.211,82,19855,39.5,89.9,0.44,12.3,35.4,0.348,27.2,54.4,0.5,17.6,23.5,0.747,11.6,34.2,45.8,22.9,7.1,4.1,14.1,22.5,109.0,2019
Miami Heat,27.0,39.0,43.0,40,42,-0.23,-0.22,-0.45,107.3,107.6,-0.3,98.2,0.247,0.368,0.542,0.515,13.1,24.8,0.172,0.51,12.7,77.6,0.201,82,19730,40.3,89.4,0.45,11.5,32.9,0.349,28.8,56.5,0.509,15.3,22.1,0.695,11.4,35.6,47.1,24.7,7.8,5.5,15.0,21.2,107.3,2019
Sacramento Kings,24.8,39.0,43.0,38,44,-1.12,0.31,-0.81,110.4,111.5,-1.1,103.1,0.244,0.321,0.554,0.524,11.5,23.1,0.177,0.533,13.6,75.5,0.207,82,19730,41.8,90.1,0.464,10.9,29.0,0.378,30.8,61.1,0.504,16.0,22.0,0.726,10.7,33.2,43.9,24.6,8.0,4.3,12.9,20.7,110.4,2019
Charlotte Hornets,26.6,39.0,43.0,38,44,-1.1,-0.22,-1.32,111.4,112.5,-1.1,98.7,0.257,0.378,0.554,0.514,10.9,21.7,0.205,0.538,12.1,77.1,0.179,82,19830,40.4,90.3,0.448,12.0,34.1,0.351,28.4,56.1,0.507,18.5,23.2,0.797,10.0,34.1,44.0,23.4,7.2,5.0,12.3,19.0,111.4,2019
New Orleans Pelicans,25.7,33.0,49.0,38,44,-1.33,0.23,-1.1,111.4,112.6,-1.2,103.3,0.254,0.324,0.563,0.529,12.6,24.1,0.193,0.532,11.6,76.8,0.193,82,19755,42.1,89.0,0.473,9.9,28.8,0.344,32.2,60.2,0.536,17.2,22.6,0.761,10.7,34.9,45.6,26.1,7.2,5.2,14.3,20.4,111.4,2019
Dallas Mavericks,26.9,33.0,49.0,38,44,-1.28,0.42,-0.87,109.4,110.7,-1.3,99.0,0.291,0.422,0.555,0.519,12.7,22.7,0.216,0.522,11.6,77.5,0.191,82,19780,39.0,87.3,0.447,12.5,36.8,0.34,26.5,50.5,0.524,18.9,25.5,0.742,10.2,35.4,45.6,23.5,6.5,4.3,14.3,20.2,109.4,2019
Minnesota Timberwolves,26.2,36.0,46.0,37,45,-1.5,0.48,-1.02,111.4,112.9,-1.5,100.2,0.267,0.315,0.552,0.511,11.4,24.6,0.21,0.538,12.9,74.9,0.19,82,19830,41.2,90.4,0.456,10.0,28.5,0.351,31.2,61.9,0.504,19.0,24.1,0.787,11.2,33.2,44.4,24.4,8.3,5.0,13.0,20.1,111.4,2019
Los Angeles Lakers,26.2,37.0,45.0,37,45,-1.72,0.39,-1.33,107.8,109.5,-1.7,103.2,0.257,0.342,0.554,0.527,13.4,22.2,0.18,0.516,12.2,76.4,0.192,82,19780,41.1,87.3,0.47,10.0,29.9,0.333,31.1,57.4,0.541,15.7,22.5,0.699,9.8,35.1,44.9,24.7,7.3,5.2,15.1,20.0,107.8,2019
Memphis Grizzlies,27.7,33.0,49.0,34,48,-2.6,0.51,-2.08,106.1,108.8,-2.7,96.6,0.272,0.342,0.548,0.508,12.9,20.0,0.21,0.521,13.9,77.6,0.232,82,19880,38.9,86.5,0.45,10.1,29.6,0.342,28.8,56.9,0.505,18.2,23.5,0.772,9.0,33.8,42.8,24.5,8.5,5.6,14.3,22.5,106.1,2019
Washington Wizards,26.5,32.0,50.0,34,48,-2.9,-0.4,-3.3,111.1,113.9,-2.8,101.4,0.266,0.37,0.567,0.531,12.3,21.3,0.204,0.546,13.5,74.1,0.199,82,19930,41.1,87.8,0.468,11.0,32.4,0.341,30.0,55.3,0.543,17.9,23.3,0.768,9.4,31.8,41.3,25.6,8.1,4.5,13.7,20.2,111.1,2019
Atlanta Hawks,25.1,29.0,53.0,27,55,-6.02,-0.04,-6.06,108.1,113.9,-5.8,103.9,0.255,0.403,0.555,0.522,14.3,24.7,0.192,0.541,12.8,76.4,0.237,82,19855,39.5,87.6,0.451,12.4,35.3,0.352,27.1,52.2,0.518,16.8,22.3,0.752,11.1,32.9,44.0,24.6,7.9,4.9,16.3,22.5,108.1,2019
Chicago Bulls,24.0,22.0,60.0,21,61,-8.41,0.1,-8.32,104.8,113.2,-8.4,99.0,0.235,0.295,0.541,0.505,12.7,19.4,0.184,0.541,11.9,77.3,0.188,82,19905,39.8,87.8,0.453,9.1,25.9,0.351,30.7,61.9,0.496,16.2,20.6,0.783,8.7,34.1,42.8,21.9,7.3,4.3,14.1,20.3,104.8,2019
New York Knicks,23.4,17.0,65.0,19,63,-9.21,0.28,-8.93,104.5,113.7,-9.2,99.6,0.27,0.334,0.529,0.49,12.4,22.1,0.205,0.533,11.7,76.1,0.203,82,19780,38.2,88.2,0.433,10.0,29.5,0.34,28.2,58.7,0.479,18.1,23.8,0.759,10.4,34.2,44.7,20.1,6.8,5.1,14.0,20.9,104.5,2019
Phoenix Suns,24.0,19.0,63.0,19,63,-9.34,0.73,-8.61,105.9,115.1,-9.2,100.5,0.259,0.335,0.552,0.514,13.8,20.5,0.202,0.545,13.5,72.5,0.236,82,19880,39.5,86.0,0.459,9.5,28.8,0.329,30.0,57.2,0.525,17.4,22.3,0.779,9.0,30.8,39.8,23.5,8.8,5.0,15.4,23.2,105.9,2019
Cleveland Cavaliers,25.2,19.0,63.0,19,63,-9.61,0.22,-9.39,107.7,117.6,-9.9,96.6,0.236,0.332,0.54,0.503,12.2,23.7,0.187,0.564,11.5,77.0,0.181,82,19755,40.1,90.3,0.444,10.6,30.0,0.355,29.4,60.3,0.488,16.9,21.3,0.792,11.0,32.9,44.0,21.3,6.7,2.5,13.9,20.6,107.7,2019
